{"cameraMode":{"drawMode":0,"name":"Shaded","section":"Shading Mode"},"sceneLighting":true,"audioPlay":false,"sceneViewState":{"m_AlwaysRefresh":false,"showFog":true,"showSkybox":true,"showFlares":true,"showImageEffects":true,"showParticleSystems":true,"showVisualEffectGraphs":true,"m_FxEnabled":true},"in2DMode":false,"pivot":{"x":-171.02894592285157,"y":6.098219394683838,"z":13.03382396697998},"rotation":{"x":-0.01980961300432682,"y":0.002098571043461561,"z":-0.000027852873245137744,"w":-0.9997955560684204},"size":0.28309181332588198,"orthographic":false}